INSERT INTO hirdetes (id, hirdetes_cim, kep_url, ar, leiras) VALUES
(1, 'Eladó Audi A4', 'https://kocsi-media.hu/574721/audi-a4-2-0-tdi-multitronic-166608_557619_5xl.jpg', 3000000, 'Jó állapotú Audi A4, friss műszaki'),
(2, 'BMW 320d', 'https://images.clickdealer.co.uk/vehicles/6242/6242369/large2/147995733.jpg', 3500000, 'Megkímélt állapotú BMW 320d'),
(3, 'Mercedes C220', 'https://kep.index.hu/1/0/2311/23119/231195/23119500_2d324b62cbe30ba9ff88f9b7a55e3811_wm.jpg', 4000000, 'Diesel, alacsony fogyasztás'),
(4, 'Volkswagen Golf VII', 'https://img.hasznaltautocdn.com/640x480/19811783/227983.jpg', 2800000, '1.6 TDI, szép állapot'),
(5, 'Opel Astra H', 'https://imghu.waa2.com/car/020723/opel-astra-h-14-enjoy-7c3dd15e725899ef1a061cf7a5f72418_thumb.jpg', 1500000, 'Benzines, jó fogyasztás'),
(6, 'Ford Focus', 'https://encrypted-tbn0.gstatic.com/images?q=tbn:ANd9GcQ1y8Hj0qhH1L_A2CW-kdkPHGPoZFE-LYhGdw&s', 1800000, 'Megbízható Ford Focus'),
(7, 'Skoda Octavia', 'skoda_octavia.jpg', 3200000, 'Tágas családi autó'),
(8, 'Toyota Corolla', 'toyota_corolla.jpg', 2700000, 'Legendás megbízhatóság'),
(9, 'Mazda 6', 'mazda_6.jpg', 2600000, 'Sportos és elegáns'),
(10, 'Renault Megane', 'renault_megane.jpg', 1900000, 'Kényelmes városi autó'),
(11, 'Peugeot 308', 'peugeot_308.jpg', 2000000, 'Alacsony fenntartási költségek'),
(12, 'Honda Civic', 'honda_civic.jpg', 2500000, 'Dinamikus vezetési élmény'),
(13, 'Nissan Qashqai', 'nissan_qashqai.jpg', 4500000, 'Terepjárós életérzés'),
(14, 'Hyundai i30', 'hyundai_i30.jpg', 2300000, 'Praktikus családi autó'),
(15, 'Kia Ceed', 'kia_ceed.jpg', 2200000, 'Megbízható választás'),
(16, 'Fiat Tipo', 'fiat_tipo.jpg', 1700000, 'Jó ár-érték arány'),
(17, 'Suzuki Swift', 'suzuki_swift.jpg', 1400000, 'Kis fogyasztású városi autó'),
(18, 'Dacia Duster', 'dacia_duster.jpg', 3500000, 'Robusztus SUV'),
(19, 'Seat Leon', 'seat_leon.jpg', 2900000, 'Sportos megjelenés'),
(20, 'Volvo V40', 'volvo_v40.jpg', 3300000, 'Biztonság és kényelem egyben');

INSERT INTO hirdeto (id, nev, tel_szam, email) VALUES
(1, 'Kiss Péter', 36201234567, 'kiss.peter@example.com'),
(2, 'Nagy István', 36209876543, 'nagy.istvan@example.com'),
(3, 'Tóth Gábor', 36201112233, 'toth.gabor@example.com'),
(4, 'Szabó László', 36202223344, 'szabo.laszlo@example.com'),
(5, 'Molnár Zoltán', 36203334455, 'molnar.zoltan@example.com'),
(6, 'Varga Dániel', 36204455666, 'varga.daniel@example.com'),
(7, 'Balogh Bence', 36205566777, 'balogh.bence@example.com'),
(8, 'Lukács Anna', 36206677888, 'lukacs.anna@example.com'),
(9, 'Németh Réka', 36207788999, 'nemeth.reka@example.com'),
(10, 'Horváth Tamás', 36208899000, 'horvath.tamas@example.com');

INSERT INTO hirdeto_hirdetes_kapcsolat (hirdeto_id, hirdetes_id) VALUES
(1, 1), (1, 2), (2, 3), (2, 4), (3, 5), (3, 6), (4, 7), (4, 8), (5, 9), (5, 10),
(6, 11), (6, 12), (7, 13), (7, 14), (8, 15), (8, 16), (9, 17), (9, 18), (10, 19), (10, 20);

INSERT INTO altalanos_adat (id, hirdetes_id, marka, modell, kivitel, evjarat) VALUES
(1, 1, 'Audi', 'A4', 'Sedan', 2015),
(2, 2, 'BMW', '320d', 'Sedan', 2018),
(3, 3, 'Mercedes', 'C220', 'Sedan', 2017),
(4, 4, 'Volkswagen', 'Golf VII', 'Hatchback', 2016),
(5, 5, 'Opel', 'Astra H', 'Hatchback', 2014),
(6, 6, 'Ford', 'Focus', 'Sedan', 2016),
(7, 7, 'Skoda', 'Octavia', 'Combi', 2019),
(8, 8, 'Toyota', 'Corolla', 'Sedan', 2020),
(9, 9, 'Mazda', '6', 'Sedan', 2018),
(10, 10, 'Renault', 'Megane', 'Hatchback', 2017),
(11, 11, 'Peugeot', '308', 'Hatchback', 2016),
(12, 12, 'Honda', 'Civic', 'Sedan', 2019),
(13, 13, 'Nissan', 'Qashqai', 'SUV', 2021),
(14, 14, 'Hyundai', 'i30', 'Hatchback', 2015),
(15, 15, 'Kia', 'Ceed', 'Hatchback', 2018),
(16, 16, 'Fiat', 'Tipo', 'Sedan', 2016),
(17, 17, 'Suzuki', 'Swift', 'Hatchback', 2013),
(18, 18, 'Dacia', 'Duster', 'SUV', 2020),
(19, 19, 'Seat', 'Leon', 'Hatchback', 2017),
(20, 20, 'Volvo', 'V40', 'Hatchback', 2019);

INSERT INTO jarmu_adat (id, hirdetes_id, km_ora_allas, szallithato_szemely_szama, ajtok_szama, uzemanyag, hengerurtartalom, teljesitmeny) VALUES
(1, 1, 120000, 5, 4, 'Dízel', 2000, 150),
(2, 2, 80000, 5, 4, 'Dízel', 1995, 190),
(3, 3, 100000, 5, 4, 'Benzin', 2200, 180),
(4, 4, 95000, 5, 4, 'Dízel', 1600, 115),
(5, 5, 110000, 5, 4, 'Benzin', 1400, 100),
(6, 6, 130000, 5, 4, 'Dízel', 1800, 130),
(7, 7, 70000, 5, 5, 'Dízel', 1900, 150),
(8, 8, 50000, 5, 4, 'Hibrid', 1800, 122),
(9, 9, 60000, 5, 4, 'Benzin', 2000, 165),
(10, 10, 85000, 5, 4, 'Dízel', 1600, 120),
(11, 11, 75000, 5, 4, 'Benzin', 1500, 110),
(12, 12, 55000, 5, 4, 'Benzin', 2000, 155),
(13, 13, 40000, 5, 5, 'Dízel', 1600, 140),
(14, 14, 105000, 5, 4, 'Benzin', 1600, 130),
(15, 15, 95000, 5, 4, 'Benzin', 1400, 125),
(16, 16, 120000, 5, 4, 'Benzin', 1400, 90),
(17, 17, 140000, 5, 4, 'Benzin', 1200, 85),
(18, 18, 30000, 5, 5, 'Dízel', 1500, 110),
(19, 19, 72000, 5, 4, 'Benzin', 1800, 170),
(20, 20, 68000, 5, 4, 'Dízel', 2000, 150);
